,precision,recall,f1-score,support
0,0.7066666666666667,0.8760330578512396,0.7822878228782287,121.0
1,0.4,0.18518518518518517,0.25316455696202533,54.0
accuracy,0.6628571428571428,0.6628571428571428,0.6628571428571428,0.6628571428571428
macro avg,0.5533333333333333,0.5306091215182124,0.5177261899201271,175.0
weighted avg,0.6120380952380952,0.6628571428571428,0.619015500824086,175.0
