region,revenue,profit,orders
Cork,25946.420000000002,10525.52,159
Dublin,26299.940000000002,10009.49,162
Galway,29228.18,11510.91,158
Limerick,27740.460000000003,11030.09,167
Waterford,22909.47,9013.869999999999,137
