mae,rmse,window_size
2.717163680771648,3.339016835611126,60
